{
  "description": "项目私有配置文件。此文件中的内容将覆盖 project.config.json 中的相同字段。项目的改动优先同步到此文件中。详见文档：https://developers.weixin.qq.com/miniprogram/dev/devtools/projectconfig.html",
  "projectname": "mini-obj",
  "setting": {
    "compileHotReLoad": false,
    "urlCheck": false
  },
  "condition": {
    "miniprogram": {
      "list": [
        {
          "name": "选座",
          "pathName": "pages/seat-selection/seat-selection",
          "query": "wtId=202107300630423",
          "launchMode": "default",
          "scene": null
        }
      ]
    }
  }
}